Altitude,Mach,AoA,AoS,Total CL,Total CD
12197.0,0.5,-13.0,9.0,-1.011311,0.272567
11190.0,0.1,12.0,11.0,1.059790,1.085715
11585.0,0.6,-13.0,-2.0,-1.064663,0.122689
1885.0,0.3,-1.0,1.0,0.051884,-0.007377
4005.0,0.1,1.0,11.0,0.226656,0.935752
11457.0,0.4,0.0,7.0,0.140165,0.110875
14874.0,0.5,-6.0,-2.0,-0.491735,0.009858
6570.0,0.3,-11.0,-1.0,-0.932490,0.046575
3532.0,0.4,0.0,-1.0,0.158324,-0.007300
8431.0,0.4,-14.0,13.0,-0.965779,0.480282
6688.0,0.5,11.0,1.0,0.834201,0.148495
12582.0,0.5,3.0,-4.0,0.490128,0.027356
11019.0,0.5,-10.0,-3.0,-0.912816,0.055662
11875.0,0.3,12.0,4.0,1.076170,0.177384
4170.0,0.5,-3.0,11.0,-0.141148,0.214771
12494.0,0.2,7.0,4.0,0.723149,0.096652
8877.0,0.2,8.0,12.0,0.682306,0.593667
8610.0,0.3,-15.0,8.0,-1.084496,0.314747
14329.0,0.2,-5.0,6.0,-0.304742,0.135587
5191.0,0.6,-6.0,8.0,-0.488015,0.128145
5872.0,0.5,9.0,-2.0,0.910791,0.103397
9096.0,0.3,4.0,-1.0,0.544386,0.009048
9274.0,0.6,-2.0,10.0,-0.050256,0.158800
2741.0,0.6,-7.0,3.0,-0.614316,0.047735
10960.0,0.1,6.0,12.0,0.619094,1.157669
10419.0,0.5,10.0,14.0,0.735653,0.446531
8021.0,0.6,-11.0,10.0,-0.926245,0.261808
5075.0,0.3,-13.0,7.0,-0.971531,0.235084
12293.0,0.5,10.0,7.0,0.805507,0.217937
485.0,0.2,-11.0,10.0,-0.746264,0.438958
8947.0,0.5,14.0,-2.0,1.001307,0.219074
10284.0,0.3,5.0,14.0,0.479977,0.552454
2505.0,0.3,3.0,11.0,0.360012,0.342461
8094.0,0.2,5.0,9.0,0.510087,0.327365
12676.0,0.5,9.0,11.0,0.784007,0.315086
2936.0,0.2,7.0,13.0,0.600958,0.673379
5518.0,0.4,5.0,4.0,0.616424,0.070553
6103.0,0.5,-9.0,6.0,-0.748424,0.120964
6552.0,0.3,11.0,3.0,1.042355,0.136611
8692.0,0.3,8.0,10.0,0.742186,0.337238
7131.0,0.5,7.0,14.0,0.695598,0.394857
14559.0,0.5,-10.0,5.0,-0.848415,0.115049
13981.0,0.1,12.0,1.0,1.140344,0.112661
5543.0,0.6,-12.0,0.0,-1.034826,0.107574
2686.0,0.4,13.0,6.0,0.968587,0.262833
11630.0,0.4,-10.0,9.0,-0.754782,0.237041
7567.0,0.2,5.0,-1.0,0.608877,0.008330
11459.0,0.3,0.0,11.0,0.119752,0.330402
2436.0,0.2,-12.0,2.0,-0.946351,0.072235
11792.0,0.2,6.0,-3.0,0.712948,0.043654
11978.0,0.2,0.0,-2.0,0.152415,-0.011377
4298.0,0.1,-14.0,8.0,-0.993156,0.604870
3354.0,0.6,-14.0,-2.0,-1.061025,0.142104
6792.0,0.6,8.0,4.0,0.731887,0.130283
8300.0,0.6,3.0,-3.0,0.501542,0.022824
13234.0,0.5,1.0,13.0,0.232599,0.292513
1643.0,0.3,-6.0,8.0,-0.390531,0.192233
2558.0,0.5,2.0,3.0,0.362060,0.029428
482.0,0.2,9.0,11.0,0.764553,0.522209
7948.0,0.4,12.0,7.0,0.961972,0.262634
8444.0,0.4,5.0,1.0,0.641474,0.031771
10170.0,0.4,-5.0,2.0,-0.352251,0.015465
7952.0,0.2,10.0,12.0,0.810585,0.621609
6137.0,0.5,-3.0,-3.0,-0.164837,0.001626
8534.0,0.6,1.0,8.0,0.271397,0.113046
14935.0,0.1,-6.0,10.0,-0.351166,0.780611
8277.0,0.4,12.0,2.0,1.030813,0.163515
8850.0,0.5,12.0,13.0,0.702926,0.438268
9394.0,0.4,-2.0,-3.0,-0.050679,0.000275
3777.0,0.4,7.0,13.0,0.672223,0.406283
6961.0,0.1,-5.0,12.0,-0.260434,1.118438
6288.0,0.2,2.0,-1.0,0.337829,-0.012820
1435.0,0.3,-11.0,2.0,-0.892947,0.067797
8597.0,0.5,-4.0,-2.0,-0.273525,-0.000553
5477.0,0.3,6.0,1.0,0.705937,0.034537
13481.0,0.5,5.0,13.0,0.572990,0.325776
4971.0,0.6,-8.0,-1.0,-0.736342,0.032715
1328.0,0.3,13.0,8.0,1.043668,0.331058
12512.0,0.3,-10.0,2.0,-0.804376,0.054682
11040.0,0.6,-10.0,7.0,-0.881366,0.163816
3203.0,0.1,-5.0,4.0,-0.291068,0.098486
2265.0,0.4,-13.0,12.0,-0.927825,0.413053
6763.0,0.2,-13.0,1.0,-1.043349,0.072456
10336.0,0.4,14.0,9.0,0.912878,0.380925
10223.0,0.3,6.0,10.0,0.600426,0.312552
10231.0,0.3,-1.0,-2.0,0.055971,-0.009141
5126.0,0.4,14.0,7.0,0.940854,0.317742
9655.0,0.2,-3.0,10.0,-0.126077,0.374388
13753.0,0.2,13.0,9.0,1.041092,0.442064
505.0,0.1,-4.0,12.0,-0.179974,1.113323
9175.0,0.3,0.0,-1.0,0.155012,-0.012057
5015.0,0.4,-6.0,14.0,-0.368217,0.420300
2142.0,0.2,-8.0,-4.0,-0.641920,0.050405
7519.0,0.3,4.0,-2.0,0.551839,0.013765
7558.0,0.2,-14.0,13.0,-0.890060,0.742634
207.0,0.3,4.0,-3.0,0.558997,0.023686
12765.0,0.5,-3.0,1.0,-0.160104,0.001191
2748.0,0.5,-2.0,-2.0,-0.054042,-0.004667
5597.0,0.5,-11.0,10.0,-0.875811,0.264568
4137.0,0.6,-9.0,0.0,-0.833643,0.050190
4485.0,0.5,-5.0,2.0,-0.370538,0.017399
7015.0,0.6,-7.0,0.0,-0.624630,0.023840
6979.0,0.2,-11.0,11.0,-0.730520,0.518057
14694.0,0.3,9.0,12.0,0.774786,0.466573
7641.0,0.3,-5.0,8.0,-0.304829,0.186110
4177.0,0.4,3.0,-3.0,0.474444,0.017037
8331.0,0.1,8.0,14.0,0.752991,1.586501
7218.0,0.4,-12.0,0.0,-1.039323,0.075949
4789.0,0.4,-12.0,0.0,-1.039323,0.075949
6903.0,0.2,-9.0,0.0,-0.706446,0.012639
13732.0,0.6,3.0,0.0,0.494288,0.019947
14206.0,0.3,-9.0,11.0,-0.603596,0.373239
11068.0,0.5,-6.0,10.0,-0.432370,0.197977
2671.0,0.2,11.0,8.0,0.944471,0.340497
11796.0,0.3,-12.0,8.0,-0.879268,0.260127
14526.0,0.2,4.0,14.0,0.383326,0.745278
13030.0,0.3,-9.0,4.0,-0.691078,0.081991
2389.0,0.5,-3.0,8.0,-0.147937,0.120709
8958.0,0.2,5.0,8.0,0.521217,0.262799
11899.0,0.3,1.0,11.0,0.200921,0.332889
9997.0,0.1,-3.0,9.0,-0.105868,0.616232
2947.0,0.1,-14.0,-3.0,-1.093054,0.118859
9253.0,0.4,3.0,3.0,0.441021,0.035582
3120.0,0.2,4.0,7.0,0.452971,0.197165
234.0,0.3,5.0,8.0,0.547322,0.205943
4538.0,0.4,-5.0,2.0,-0.352251,0.015465
11436.0,0.2,-5.0,3.0,-0.317854,0.026129
6191.0,0.2,0.0,6.0,0.127686,0.127793
4493.0,0.2,6.0,0.0,0.685886,0.016520
10810.0,0.2,-3.0,4.0,-0.133778,0.048241
6652.0,0.4,12.0,13.0,0.872028,0.493977
10293.0,0.6,10.0,0.0,0.750240,0.127302
9556.0,0.1,11.0,-3.0,1.082373,0.136759
13221.0,0.3,0.0,13.0,0.114002,0.456211
8803.0,0.2,-11.0,6.0,-0.807037,0.191539
4125.0,0.5,5.0,2.0,0.654133,0.047187
2653.0,0.4,-4.0,11.0,-0.219188,0.262990
5494.0,0.5,8.0,0.0,0.871569,0.083453
4636.0,0.5,-4.0,-1.0,-0.271572,-0.002148
9456.0,0.5,3.0,4.0,0.456691,0.050864
969.0,0.3,3.0,1.0,0.436281,0.007745
14985.0,0.2,-1.0,0.0,0.052425,-0.023413
9536.0,0.4,8.0,13.0,0.735225,0.420772
13211.0,0.4,1.0,12.0,0.213725,0.306394
75.0,0.3,-8.0,3.0,-0.611285,0.049904
1602.0,0.1,-2.0,13.0,-0.016452,1.301987
3682.0,0.6,-2.0,7.0,-0.052572,0.084186
87.0,0.3,-15.0,9.0,-1.062464,0.361091
9414.0,0.3,6.0,6.0,0.649603,0.139263
12906.0,0.3,-13.0,10.0,-0.913675,0.374584
13665.0,0.6,-1.0,8.0,0.056725,0.106610
14183.0,0.5,0.0,14.0,0.139333,0.330683
8358.0,0.3,4.0,-1.0,0.544386,0.009048
9643.0,0.2,9.0,5.0,0.859447,0.158589
12219.0,0.3,-8.0,-2.0,-0.655864,0.017132
2579.0,0.4,12.0,-2.0,1.081330,0.150748
5381.0,0.4,6.0,7.0,0.670895,0.154834
12192.0,0.2,12.0,7.0,1.023148,0.301598
4193.0,0.5,12.0,11.0,0.723505,0.365718
10813.0,0.4,-9.0,2.0,-0.745420,0.049516
3004.0,0.2,13.0,9.0,1.041092,0.442064
606.0,0.2,-10.0,0.0,-0.797693,0.023448
12236.0,0.3,-1.0,2.0,0.050478,0.003576
4936.0,0.1,11.0,10.0,1.001766,0.899205
10134.0,0.4,11.0,6.0,0.967337,0.212523
11804.0,0.3,-13.0,3.0,-1.043482,0.116301
8936.0,0.3,11.0,6.0,0.992560,0.214084
6239.0,0.2,-8.0,10.0,-0.521453,0.404629
3214.0,0.5,-6.0,11.0,-0.425996,0.232150
10863.0,0.5,-10.0,1.0,-0.883735,0.060629
9096.0,0.3,13.0,14.0,0.928194,0.670487
11209.0,0.4,-3.0,3.0,-0.148941,0.021021
3491.0,0.4,1.0,2.0,0.251554,0.011277
265.0,0.6,-2.0,4.0,-0.054445,0.031421
1157.0,0.4,11.0,3.0,1.008227,0.152315
8239.0,0.4,7.0,-2.0,0.840508,0.053176
10173.0,0.3,3.0,11.0,0.360012,0.342461
8593.0,0.6,9.0,-3.0,0.753540,0.112471
10494.0,0.2,-9.0,-2.0,-0.724070,0.020735
5024.0,0.3,3.0,14.0,0.335825,0.537496
12993.0,0.2,-9.0,0.0,-0.706446,0.012639
1044.0,0.6,-6.0,9.0,-0.484478,0.153487
13114.0,0.6,8.0,8.0,0.712062,0.205414
7606.0,0.3,-3.0,-1.0,-0.147480,-0.012941
3734.0,0.1,-2.0,-4.0,-0.033235,0.063718
3228.0,0.5,2.0,-1.0,0.375911,0.004727
7772.0,0.4,14.0,-2.0,1.060701,0.208412
9602.0,0.6,-11.0,4.0,-0.965979,0.127592
12425.0,0.4,-2.0,0.0,-0.050204,-0.008040
367.0,0.5,-9.0,5.0,-0.756957,0.100127
6444.0,0.3,9.0,6.0,0.871285,0.179481
9535.0,0.6,1.0,12.0,0.267539,0.225844
11326.0,0.3,9.0,-4.0,1.005446,0.097248
14947.0,0.3,-7.0,8.0,-0.475460,0.199818
5471.0,0.4,-7.0,-3.0,-0.581971,0.019848
2453.0,0.5,-9.0,7.0,-0.739545,0.144643
2847.0,0.6,-5.0,-2.0,-0.403435,0.006046
13757.0,0.6,11.0,10.0,0.743755,0.314005
8024.0,0.6,-11.0,0.0,-0.990695,0.087324
1947.0,0.4,10.0,-4.0,1.057296,0.121763
11083.0,0.4,14.0,14.0,0.840567,0.594256
8306.0,0.3,10.0,7.0,0.918854,0.231714
11305.0,0.4,-10.0,8.0,-0.768095,0.201538
14381.0,0.6,1.0,3.0,0.277970,0.025561
1821.0,0.4,8.0,3.0,0.865249,0.094716
14620.0,0.3,9.0,8.0,0.839959,0.255985
8678.0,0.6,6.0,11.0,0.670361,0.254053
4385.0,0.5,8.0,-3.0,0.895601,0.088252
4740.0,0.2,7.0,3.0,0.735286,0.068236
12338.0,0.3,10.0,11.0,0.850374,0.422826
1285.0,0.4,6.0,1.0,0.729860,0.043533
11084.0,0.1,-11.0,9.0,-0.758086,0.687169
6167.0,0.6,-10.0,4.0,-0.899514,0.107505
8376.0,0.3,0.0,10.0,0.122709,0.274559
2996.0,0.3,1.0,10.0,0.205452,0.277150
11560.0,0.4,-13.0,3.0,-1.078041,0.126076
10368.0,0.2,8.0,2.0,0.825718,0.059626
412.0,0.3,-4.0,-3.0,-0.253831,0.003465
3008.0,0.3,1.0,-2.0,0.258455,-0.004211
12328.0,0.3,-10.0,8.0,-0.723837,0.231468
6770.0,0.4,7.0,-3.0,0.848960,0.059745
2673.0,0.3,-3.0,-3.0,-0.150048,0.001195
12875.0,0.4,3.0,11.0,0.387423,0.272007
1429.0,0.1,3.0,14.0,0.378004,1.526779
12156.0,0.2,1.0,14.0,0.171101,0.730934
9360.0,0.2,-6.0,6.0,-0.390874,0.141371
14426.0,0.1,12.0,13.0,1.038090,1.457130
9362.0,0.5,7.0,13.0,0.705702,0.354169
12173.0,0.5,-9.0,11.0,-0.700757,0.266281
611.0,0.5,-3.0,4.0,-0.155396,0.034393
10360.0,0.1,-2.0,11.0,-0.019240,0.929669
13969.0,0.6,8.0,-1.0,0.757544,0.093511
11519.0,0.3,-1.0,-2.0,0.055971,-0.009141
994.0,0.3,7.0,2.0,0.777915,0.057290
13763.0,0.3,14.0,4.0,1.144425,0.223306
254.0,0.5,-10.0,13.0,-0.761758,0.357482
276.0,0.3,6.0,12.0,0.575284,0.427967
13003.0,0.6,5.0,-4.0,0.683305,0.055892
14179.0,0.4,-14.0,2.0,-1.160382,0.131867
7578.0,0.2,1.0,1.0,0.236056,-0.012503
4386.0,0.3,-8.0,2.0,-0.620870,0.033130
1821.0,0.3,-2.0,12.0,-0.042820,0.390317
8378.0,0.3,0.0,-2.0,0.157659,-0.007378
814.0,0.5,5.0,2.0,0.654133,0.047187
13777.0,0.6,-12.0,-1.0,-1.040946,0.103948
2173.0,0.4,12.0,14.0,0.856069,0.543285
11751.0,0.6,-7.0,10.0,-0.585748,0.192257
5362.0,0.5,9.0,-1.0,0.901617,0.101737
5713.0,0.2,6.0,6.0,0.621277,0.164516
14349.0,0.2,0.0,3.0,0.137635,0.019529
5144.0,0.2,13.0,-3.0,1.241021,0.148388
2304.0,0.4,0.0,10.0,0.133115,0.216351
14801.0,0.6,-4.0,11.0,-0.264010,0.195276
5437.0,0.2,2.0,-4.0,0.352130,0.037254
9672.0,0.4,-9.0,4.0,-0.725925,0.081074
7999.0,0.5,-1.0,8.0,0.050248,0.118493
1719.0,0.5,6.0,7.0,0.697640,0.145905
2394.0,0.5,4.0,12.0,0.501014,0.275844
1806.0,0.1,3.0,-2.0,0.418135,-0.005649
8138.0,0.6,13.0,6.0,0.870487,0.280762
4869.0,0.4,-2.0,1.0,-0.049941,-0.002807
2417.0,0.4,-7.0,-1.0,-0.570713,0.011737
5564.0,0.5,-10.0,11.0,-0.785406,0.281571
929.0,0.3,9.0,9.0,0.823925,0.301518
8746.0,0.2,14.0,13.0,1.007788,0.786026
11968.0,0.2,14.0,6.0,1.150945,0.292860
11780.0,0.4,0.0,-3.0,0.162372,0.002460
14425.0,0.2,-7.0,7.0,-0.468375,0.199747
14763.0,0.5,7.0,8.0,0.753511,0.187425
14370.0,0.3,-8.0,10.0,-0.537680,0.306819
3092.0,0.5,-2.0,7.0,-0.049501,0.092843
4123.0,0.1,10.0,12.0,0.913008,1.222425
13111.0,0.3,-4.0,-1.0,-0.248600,-0.010440
925.0,0.3,6.0,-2.0,0.735770,0.032946
8004.0,0.4,-9.0,2.0,-0.745420,0.049516
8798.0,0.5,-9.0,-3.0,-0.813793,0.042322
8822.0,0.4,-6.0,9.0,-0.407474,0.193840
1277.0,0.4,-3.0,1.0,-0.152267,-0.001381
9462.0,0.2,1.0,13.0,0.176435,0.632106
1411.0,0.3,0.0,10.0,0.122709,0.274559
2817.0,0.1,-12.0,-2.0,-0.923732,0.050914
5257.0,0.6,-5.0,10.0,-0.373419,0.172377
14333.0,0.4,7.0,5.0,0.770237,0.116417
13371.0,0.2,14.0,13.0,1.007788,0.786026
1880.0,0.5,-7.0,11.0,-0.519190,0.241599
804.0,0.3,-12.0,-3.0,-1.048454,0.071708
581.0,0.5,-7.0,4.0,-0.567934,0.058822
3988.0,0.3,-6.0,7.0,-0.397886,0.150671
2993.0,0.2,7.0,12.0,0.615113,0.581866
6139.0,0.3,10.0,2.0,0.997949,0.102466
6572.0,0.1,14.0,12.0,1.175819,1.313452
4381.0,0.2,3.0,4.0,0.395630,0.060794
8387.0,0.4,-14.0,-2.0,-1.215592,0.111256
12214.0,0.4,-8.0,9.0,-0.584384,0.212140
2633.0,0.1,1.0,12.0,0.225141,1.114728
838.0,0.2,1.0,-1.0,0.244355,-0.017252
11736.0,0.5,-1.0,10.0,0.049477,0.178372
931.0,0.1,3.0,8.0,0.397696,0.498432
6480.0,0.5,6.0,2.0,0.736549,0.061282
10736.0,0.4,-10.0,5.0,-0.805289,0.115584
1774.0,0.5,-4.0,6.0,-0.253537,0.075437
6426.0,0.5,-4.0,5.0,-0.256549,0.055177
654.0,0.2,3.0,8.0,0.364463,0.248037
9127.0,0.3,12.0,2.0,1.109327,0.140677
2810.0,0.3,-9.0,0.0,-0.734693,0.024572
3923.0,0.6,7.0,-4.0,0.775765,0.088664
11825.0,0.3,-10.0,9.0,-0.709221,0.277959
6256.0,0.3,5.0,3.0,0.599387,0.050811
13883.0,0.5,-14.0,5.0,-1.089199,0.193447
6390.0,0.4,3.0,5.0,0.428478,0.072887
4024.0,0.2,-3.0,11.0,-0.124616,0.453411
13519.0,0.6,5.0,-3.0,0.679605,0.049513
240.0,0.3,-1.0,7.0,0.043293,0.134826
9522.0,0.4,6.0,-2.0,0.755186,0.039707
4724.0,0.5,-3.0,-2.0,-0.163819,-0.003387
4154.0,0.3,-8.0,11.0,-0.526272,0.362893
895.0,0.2,5.0,1.0,0.591534,0.012907
2825.0,0.2,7.0,6.0,0.697879,0.175436
14994.0,0.2,-6.0,-3.0,-0.438968,0.013691
9217.0,0.4,1.0,11.0,0.217718,0.261177
11467.0,0.6,-14.0,-2.0,-1.061025,0.142104
3052.0,0.2,-3.0,2.0,-0.136121,-0.002224
327.0,0.6,-2.0,12.0,-0.048755,0.219865
10758.0,0.2,-14.0,0.0,-1.139065,0.081258
2611.0,0.2,-6.0,-2.0,-0.434591,-0.002231
3581.0,0.2,4.0,5.0,0.471238,0.103597
5847.0,0.2,-13.0,7.0,-0.942647,0.272978
6075.0,0.2,-9.0,11.0,-0.585706,0.493777
3065.0,0.6,-10.0,6.0,-0.887498,0.142619
3390.0,0.3,6.0,4.0,0.672919,0.082216
13812.0,0.4,-10.0,3.0,-0.828181,0.076310
3546.0,0.2,9.0,-1.0,0.939679,0.054981
8405.0,0.2,-7.0,7.0,-0.468375,0.199747
14421.0,0.5,3.0,13.0,0.409019,0.305180
6365.0,0.1,-14.0,8.0,-0.993156,0.604870
131.0,0.2,3.0,-4.0,0.447247,0.043029
13068.0,0.4,0.0,12.0,0.128339,0.303664
2992.0,0.3,5.0,-4.0,0.661271,0.047585
13852.0,0.5,-7.0,1.0,-0.584962,0.024039
10285.0,0.3,7.0,2.0,0.777915,0.057290
3211.0,0.2,0.0,-3.0,0.155054,0.005228
2294.0,0.4,-4.0,10.0,-0.223419,0.220845
13489.0,0.4,-2.0,8.0,-0.046645,0.141357
3455.0,0.3,13.0,-1.0,1.196958,0.144877
5905.0,0.3,3.0,-3.0,0.462033,0.016297
6032.0,0.3,-15.0,13.0,-0.970739,0.591961
14838.0,0.1,2.0,-3.0,0.330150,0.023872
5043.0,0.1,12.0,2.0,1.134742,0.140989
14614.0,0.3,-12.0,8.0,-0.879268,0.260127
10694.0,0.5,-1.0,4.0,0.052115,0.032606
5676.0,0.5,-11.0,4.0,-0.943118,0.113954
11616.0,0.5,-5.0,12.0,-0.325792,0.261372
3068.0,0.2,-7.0,10.0,-0.443383,0.395706
1114.0,0.5,10.0,2.0,0.857135,0.136059
14739.0,0.6,3.0,11.0,0.463744,0.210637
14920.0,0.6,7.0,9.0,0.705686,0.214295
9328.0,0.2,0.0,3.0,0.137635,0.019529
3784.0,0.1,13.0,-1.0,1.220982,0.125208
5314.0,0.4,-2.0,2.0,-0.049622,0.006370
9798.0,0.5,14.0,14.0,0.836405,0.538268
14260.0,0.4,-15.0,5.0,-1.164960,0.207964
6894.0,0.2,-14.0,12.0,-0.911531,0.650373
8991.0,0.2,-8.0,6.0,-0.561024,0.157182
11621.0,0.5,-10.0,7.0,-0.828718,0.159775
13947.0,0.3,-14.0,5.0,-1.081301,0.184169
12956.0,0.6,-11.0,10.0,-0.926245,0.261808
804.0,0.1,-7.0,4.0,-0.465015,0.111955
6292.0,0.3,-14.0,-1.0,-1.188229,0.094255
5546.0,0.2,-1.0,10.0,0.033855,0.372187
724.0,0.1,13.0,3.0,1.198377,0.207821
1735.0,0.5,7.0,6.0,0.771580,0.139277
6836.0,0.5,-5.0,-1.0,-0.380155,0.002406
4032.0,0.2,13.0,3.0,1.151558,0.164553
14439.0,0.4,12.0,-2.0,1.081330,0.150748
5178.0,0.5,0.0,12.0,0.142625,0.250424
2071.0,0.3,-4.0,2.0,-0.239654,0.007674
407.0,0.4,-7.0,4.0,-0.537043,0.060225
1083.0,0.4,2.0,11.0,0.303286,0.265774
11629.0,0.6,11.0,13.0,0.729490,0.408256
11892.0,0.2,-6.0,11.0,-0.358001,0.467504
8982.0,0.1,-15.0,10.0,-1.037036,0.913266
4368.0,0.3,-5.0,1.0,-0.340744,0.000591
4022.0,0.5,-9.0,0.0,-0.795219,0.040565
6528.0,0.2,8.0,1.0,0.838007,0.046027
12306.0,0.5,-12.0,5.0,-1.005846,0.151247
1610.0,0.4,-1.0,10.0,0.043974,0.214993
1692.0,0.6,-1.0,12.0,0.057198,0.219607
9676.0,0.1,-4.0,6.0,-0.198240,0.258458
6854.0,0.4,-13.0,8.0,-0.999471,0.252034
2468.0,0.5,8.0,4.0,0.836119,0.120646
10212.0,0.6,-4.0,9.0,-0.268123,0.138366
10464.0,0.5,-1.0,11.0,0.049130,0.212299
8700.0,0.5,-10.0,14.0,-0.749478,0.398988
2499.0,0.2,-9.0,9.0,-0.610053,0.342338
2317.0,0.4,9.0,2.0,0.940413,0.099154
256.0,0.3,4.0,14.0,0.408629,0.544253
11780.0,0.2,10.0,8.0,0.880581,0.323907
3709.0,0.6,-10.0,9.0,-0.868900,0.213146
625.0,0.6,-7.0,12.0,-0.577576,0.254543
5002.0,0.5,5.0,12.0,0.581140,0.287097
5856.0,0.5,3.0,1.0,0.470620,0.018116
13978.0,0.2,-11.0,6.0,-0.807037,0.191539
8001.0,0.3,-12.0,6.0,-0.913895,0.181388
4961.0,0.5,10.0,-1.0,0.888547,0.122873
3635.0,0.1,-7.0,-4.0,-0.491731,0.081126
3031.0,0.4,-11.0,13.0,-0.772590,0.426398
10380.0,0.4,2.0,2.0,0.350160,0.016134
10753.0,0.4,2.0,13.0,0.291974,0.359140
6317.0,0.5,-8.0,8.0,-0.637175,0.157945
14783.0,0.2,7.0,-3.0,0.798839,0.054519
4816.0,0.6,1.0,-2.0,0.284603,0.003539
11069.0,0.5,-1.0,0.0,0.054384,-0.004833
5711.0,0.4,-11.0,12.0,-0.788994,0.378220
12248.0,0.1,-14.0,-1.0,-1.080587,0.066335
8048.0,0.3,7.0,13.0,0.630849,0.503901
1455.0,0.3,12.0,11.0,0.949317,0.459292
11639.0,0.2,-9.0,6.0,-0.644770,0.167236
1539.0,0.1,-9.0,3.0,-0.641787,0.072623
7487.0,0.1,1.0,6.0,0.233184,0.260910
626.0,0.5,-5.0,8.0,-0.346290,0.130112
7913.0,0.5,5.0,7.0,0.619890,0.131986
2198.0,0.2,-15.0,1.0,-1.198301,0.107573
9358.0,0.2,-8.0,-3.0,-0.635492,0.027259
79.0,0.4,-15.0,13.0,-1.012127,0.500424
14025.0,0.5,0.0,4.0,0.155277,0.034373
12187.0,0.3,-14.0,6.0,-1.061749,0.216331
11685.0,0.3,6.0,-1.0,0.726197,0.028307
7836.0,0.6,1.0,4.0,0.276580,0.038009
2321.0,0.5,2.0,7.0,0.346674,0.103346
8023.0,0.5,9.0,2.0,0.873108,0.115474
4249.0,0.5,12.0,3.0,0.800962,0.179865
5912.0,0.2,1.0,6.0,0.212960,0.130450
7929.0,0.5,8.0,13.0,0.748040,0.370960
11142.0,0.6,12.0,-3.0,0.866052,0.178763
4583.0,0.1,5.0,11.0,0.547161,0.966952
7927.0,0.2,1.0,10.0,0.192455,0.375591
13288.0,0.3,0.0,11.0,0.119752,0.330402
11017.0,0.2,10.0,1.0,0.988453,0.075038
5063.0,0.5,-7.0,1.0,-0.584962,0.024039
10986.0,0.4,8.0,5.0,0.841646,0.131832
11720.0,0.2,-12.0,-1.0,-0.987174,0.049169
6158.0,0.5,-6.0,8.0,-0.444526,0.137500
2547.0,0.3,1.0,13.0,0.191575,0.458525
1712.0,0.2,7.0,8.0,0.671199,0.282974
7712.0,0.3,1.0,-4.0,0.265841,0.020910
13847.0,0.2,-9.0,12.0,-0.573405,0.579722
13846.0,0.1,6.0,7.0,0.646460,0.409263
13928.0,0.2,-14.0,7.0,-1.013602,0.290119
5014.0,0.2,-10.0,11.0,-0.658906,0.505220
2009.0,0.4,-13.0,14.0,-0.888691,0.511653
12501.0,0.6,-12.0,5.0,-1.002523,0.164832
8725.0,0.4,7.0,10.0,0.710960,0.272501
2996.0,0.6,-8.0,-1.0,-0.736342,0.032715
13832.0,0.5,11.0,10.0,0.741645,0.318711
1138.0,0.5,5.0,9.0,0.604937,0.186114
8413.0,0.4,13.0,7.0,0.954514,0.289489
4525.0,0.1,-11.0,-1.0,-0.834200,0.017267
12854.0,0.1,-8.0,1.0,-0.565497,-0.009445
7815.0,0.4,14.0,11.0,0.884517,0.457159
11584.0,0.3,4.0,-1.0,0.544386,0.009048
13943.0,0.4,0.0,8.0,0.137774,0.142533
7877.0,0.6,13.0,-1.0,0.910817,0.207654
5683.0,0.4,5.0,10.0,0.560078,0.247892
2824.0,0.4,-14.0,1.0,-1.175060,0.121077
12998.0,0.5,-8.0,9.0,-0.628764,0.187021
8844.0,0.6,2.0,7.0,0.376359,0.097393
13206.0,0.5,10.0,5.0,0.825979,0.176489
5011.0,0.4,13.0,5.0,0.982521,0.239660
2335.0,0.4,-6.0,1.0,-0.457730,0.011966
7140.0,0.4,-12.0,7.0,-0.943361,0.201252
10935.0,0.1,7.0,10.0,0.708146,0.828172
8779.0,0.6,-13.0,-1.0,-1.059022,0.123789
9826.0,0.5,-2.0,10.0,-0.046874,0.178664
9880.0,0.5,-1.0,8.0,0.050248,0.118493
5296.0,0.6,10.0,4.0,0.734474,0.163174
1025.0,0.4,-8.0,5.0,-0.623247,0.091051
14054.0,0.4,11.0,1.0,1.034029,0.130601
9190.0,0.3,8.0,10.0,0.742186,0.337238
11558.0,0.5,-4.0,2.0,-0.264703,0.012431
10177.0,0.4,-12.0,12.0,-0.861033,0.394843
4534.0,0.4,-10.0,12.0,-0.712762,0.363334
14216.0,0.3,-9.0,-3.0,-0.763345,0.035161
14976.0,0.6,8.0,11.0,0.697800,0.286339
9299.0,0.3,4.0,11.0,0.438172,0.349594
11590.0,0.1,-8.0,13.0,-0.491075,1.336562
225.0,0.2,-12.0,1.0,-0.960480,0.057116
1969.0,0.1,-7.0,12.0,-0.420280,1.133223
5575.0,0.4,-3.0,8.0,-0.139023,0.143227
7809.0,0.4,-1.0,-2.0,0.055136,-0.006232
13036.0,0.5,12.0,0.0,0.828875,0.158035
8746.0,0.3,-2.0,9.0,-0.044512,0.222662
11993.0,0.6,0.0,-4.0,0.173201,0.010021
3847.0,0.2,-8.0,13.0,-0.489640,0.662457
3795.0,0.1,-9.0,13.0,-0.567507,1.347942
3564.0,0.6,14.0,9.0,0.896357,0.383070
1989.0,0.3,3.0,-3.0,0.462033,0.016297
5227.0,0.5,10.0,10.0,0.775367,0.300705
11458.0,0.5,0.0,7.0,0.150535,0.094396
11676.0,0.1,2.0,12.0,0.305361,1.119956
4574.0,0.4,-5.0,12.0,-0.299371,0.313722
